title,viewCount,likeCount,commentCount,publishedAt
NiziU â€œWe need U 2022â€,265264,13669,779,2022-01-01T11:00:18Z
NiziU ã€ŒChopstickã€ relay dance,737400,26826,835,2022-01-01T02:11:36Z
NiziU Happy New Yearâœ¨,280514,15254,629,2022-01-01T02:00:21Z
NiziU The last day of 2021,159244,14480,271,2021-12-31T10:30:12Z
[NiziU LOG] #11 æ•™ãˆã¦ NINAç·¨,253036,8905,628,2021-12-31T10:00:23Z
NiziU ã€ŒChopstickã€ MV Another ver.,2153442,63284,1783,2021-12-31T07:20:18Z
NiziUÃ—Tamagotchi Smart Making Movie,282668,10774,657,2021-12-29T11:00:31Z
NiziU ã€ŒMake you happyã€ in SUPERSONIC,965832,32823,1363,2021-12-25T02:00:08Z
NiziU ã€ŒMerry christmasã€ ğŸ’•,294068,15740,338,2021-12-24T12:00:31Z
[NiziU LOG] #10 æ•™ãˆã¦ MIIHIç·¨,535646,15177,907,2021-12-24T10:00:21Z
NiziU ã€ŒMerry Christmasâ™¥ã€,190268,14480,357,2021-12-20T12:30:15Z
NiziU 1st Albumã€Uã€Record Store Visit Behind Scenes,183295,12361,189,2021-12-20T11:00:26Z
ã€ŒNiziU 1st Anniversary with Uã€,334584,10452,465,2021-12-19T11:00:34Z
[NiziU LOG] #9 æ•™ãˆã¦RIMAç·¨,381162,11565,836,2021-12-17T11:00:22Z
NiziUÃ—YouTubeã‚·ãƒ§ãƒ¼ãƒˆ #NiziUãŒé¸ã¶ #NINA ğŸ‘‰ #MAKO,213151,10292,90,2021-12-17T02:01:13Z
NiziUÃ—YouTubeã‚·ãƒ§ãƒ¼ãƒˆ #NiziUãŒé¸ã¶ #MIIHI ğŸ‘‰ #RIMA,205985,9946,113,2021-12-17T02:00:22Z
NiziUÃ—YouTubeã‚·ãƒ§ãƒ¼ãƒˆ #NiziUãŒé¸ã¶ #RIMA ğŸ‘‰ #NINA,117426,7236,92,2021-12-17T02:00:06Z
NiziUÃ—YouTubeã‚·ãƒ§ãƒ¼ãƒˆ #NiziUãŒé¸ã¶ #AYAKA ğŸ‘‰ #AYAKA #RIMA,402690,13004,148,2021-12-16T02:02:24Z
NiziUÃ—YouTubeã‚·ãƒ§ãƒ¼ãƒˆ #NiziUãŒé¸ã¶ #MAYUKA ğŸ‘‰ #MIIHI #NINA,242087,10681,110,2021-12-16T02:02:36Z
NiziUÃ—YouTubeã‚·ãƒ§ãƒ¼ãƒˆ #NiziUãŒé¸ã¶ #RIKU ğŸ‘‰ #MAYA,307055,12441,181,2021-12-16T02:02:11Z
NiziUÃ—YouTubeã‚·ãƒ§ãƒ¼ãƒˆ #NiziUãŒé¸ã¶ #MAKO ğŸ‘‰ #MAYUKA,253845,14352,196,2021-12-15T02:00:05Z
NiziUÃ—YouTubeã‚·ãƒ§ãƒ¼ãƒˆ #NiziUãŒé¸ã¶ #RIO ğŸ‘‰ #RIKU,347415,14299,165,2021-12-15T02:00:05Z
NiziUÃ—YouTubeã‚·ãƒ§ãƒ¼ãƒˆ #NiziUãŒé¸ã¶ #MAYA ğŸ‘‰ #RIO,271931,12134,143,2021-12-15T02:00:03Z
[NiziU LOG] #8 æ•™ãˆã¦MAYUKAç·¨,546834,14842,818,2021-12-10T11:00:31Z
NiziUÃ—YouTubeã‚·ãƒ§ãƒ¼ãƒˆ#ä»²è‰¯ã—ChopstickğŸ¥¢,340302,16021,208,2021-12-07T02:11:13Z
NiziUÃ—YouTubeã‚·ãƒ§ãƒ¼ãƒˆ#ä»²è‰¯ã—ChopstickğŸ¥¢,624455,27480,492,2021-12-07T02:11:18Z
NiziUÃ—YouTubeã‚·ãƒ§ãƒ¼ãƒˆ#ä»²è‰¯ã—ChopstickğŸ¥¢,353646,18696,278,2021-12-07T02:11:08Z
NiziUÃ—YouTubeã‚·ãƒ§ãƒ¼ãƒˆ#ä»²è‰¯ã—ChopstickğŸ¥¢,498877,23198,468,2021-12-06T02:11:22Z
NiziUÃ—YouTubeã‚·ãƒ§ãƒ¼ãƒˆ#ä»²è‰¯ã—ChopstickğŸ¥¢,671051,23483,391,2021-12-06T02:11:09Z
NiziU Ã— YouTube  NiziUãŒã‚¹ã‚«ã‚¤ãƒ„ãƒªãƒ¼ã«â‰ï¸,311498,19605,367,2021-12-04T09:00:08Z
[NiziU LOG] #7 NiziUã®ä¼‘æ—¥,1631285,40539,2748,2021-12-03T11:00:21Z
NiziU ã€ŒChopstickã€ Dance Performance Video,7696078,104599,4145,2021-12-02T14:00:02Z
NiziUã€ŒPoppinâ€™ Shakinâ€™ -English ver.-ã€ MV,1519116,51653,1489,2021-12-02T14:00:28Z
ã€ŒNiziU 1st Anniversary with Uã€,1170333,35034,1123,2021-12-02T11:22:57Z
NiziU ã€ŒTake a picture -English ver.-ã€ MV,1331389,53017,2479,2021-12-01T15:00:26Z
NiziU 1st Album ã€Uã€ Unboxing,284773,12940,620,2021-12-01T02:00:01Z
NiziU ã€ŒStep and a stepã€ 1st Anniversary Special ver.,3472024,79765,3952,2021-11-30T15:00:06Z
NiziU ã€ŒBeyond the Rainbow -è™¹ã®å‘ã“ã†ã¸-ã€ 1st Anniversary Special ver.,5990263,120871,8963,2021-11-29T15:00:32Z
NiziUã€ŒNeed Uã€featuring guide Video,510582,15111,792,2021-11-29T02:00:57Z
NiziU Ã— YouTube ã‚·ãƒ§ãƒ¼ãƒˆãƒšã‚¢ãƒ€ãƒ³ã‚¹ #NiziUforU,562715,26631,397,2021-11-27T04:13:13Z
NiziU Ã— YouTube ã‚·ãƒ§ãƒ¼ãƒˆãƒšã‚¢ãƒ€ãƒ³ã‚¹ #NiziUforU,474029,24672,319,2021-11-27T04:13:08Z
[NiziU LOG] #6 æ•™ãˆã¦AYAKAç·¨,656724,16316,1329,2021-11-26T11:00:07Z
NiziU Ã— YouTube ã‚·ãƒ§ãƒ¼ãƒˆãƒšã‚¢ãƒ€ãƒ³ã‚¹ #NiziUforU,681945,34249,525,2021-11-26T02:11:25Z
NiziU Ã— YouTube ã‚·ãƒ§ãƒ¼ãƒˆãƒšã‚¢ãƒ€ãƒ³ã‚¹ #NiziUforU,713157,34810,492,2021-11-26T02:11:11Z
NiziU Ã— YouTube ã‚·ãƒ§ãƒ¼ãƒˆãƒšã‚¢ãƒ€ãƒ³ã‚¹ #NiziUforU,949419,37301,542,2021-11-25T02:03:21Z
NiziUã€Uã€Highlight Medley,527770,22414,715,2021-11-24T10:00:44Z
NiziU ã€ŒChopstickã€MV Reaction Video,1059936,29146,1388,2021-11-24T05:00:01Z
NiziUã€ŒChopstickã€featuring guide Video,809685,21655,1004,2021-11-22T11:00:30Z
[NiziU LOG] #5 æ•™ãˆã¦RIKUç·¨,544747,14539,1082,2021-11-19T11:00:16Z
NiziU â€œNeed Uâ€ MV Teaser,762912,36593,1555,2021-11-18T15:00:24Z
NiziU ã€ŒChopstickã€MV Making Movie,1802370,38119,1815,2021-11-16T11:01:22Z
NiziU ã€ŒChopstickã€ relay dance (NIZOO ver.),1316443,48764,2468,2021-11-13T10:37:46Z
#YouTubeMusic ã€ŒRELEASEDã€ãƒ—ãƒ¬ã‚¤ãƒªã‚¹ãƒˆã« #NiziU ã€ŒChopstickã€ãŒç™»å ´ï¼#Shorts #RELEASED,310652,12829,136,2021-11-13T03:00:15Z
[NiziU LOG] #4 æ•™ãˆã¦MAYAç·¨,548919,14223,797,2021-11-12T11:00:32Z
NiziU â€œChopstickâ€ MV Teaser,3520056,124987,5240,2021-11-09T15:00:12Z
NiziU â€œChopstickâ€ MV Teaser ã€ŒMAYUKAã€,1350906,44142,2129,2021-11-08T15:00:10Z
NiziU â€œChopstickâ€ MV Teaser ã€ŒRIOï¼†MAYAã€,700225,22260,846,2021-11-07T15:00:05Z
NiziU â€œChopstickâ€ MV Teaser ã€ŒMAKOï¼†RIKUã€,732295,24144,921,2021-11-06T15:00:00Z
NiziU â€œChopstickâ€ MV Teaser ã€ŒAYAKAï¼†RIMAã€,881200,29466,1236,2021-11-05T15:00:24Z
[NiziU LOG] #3 æ•™ãˆã¦RIOç·¨,512279,14515,872,2021-11-05T11:00:22Z
NiziU â€œChopstickâ€ MV Teaser ã€ŒMIIHIï¼†NINAã€,1019312,35188,1417,2021-11-04T15:05:50Z
NiziU 1st Albumã€Uã€Information Video,763868,24176,876,2021-11-04T02:00:03Z
[NiziU LOG] #2 æ•™ãˆã¦MAKOç·¨,731383,20507,1690,2021-10-29T11:00:04Z
[NiziU LOG]  æ•™ãˆã¦NiziU Teaser,311537,11683,542,2021-10-28T11:00:01Z
ã€ŒNiziU Today ï½Halloween Specialï½ã€,551709,17538,846,2021-10-21T11:00:11Z
"Welcome to ""NIZOO""",798130,40411,2443,2021-10-20T02:00:13Z
"NiziU SEASON'S GREETINGS 2022 ""Live Together"" Behind Movie",605568,17653,1311,2021-10-15T11:00:33Z
ã€ŒNiziU Today ï½Halloween Specialï½ã€Teaser,380343,12895,974,2021-10-13T11:00:12Z
NiziUxYogibo Making Movie,385287,13958,1034,2021-10-04T11:00:01Z
"NiziU SEASON'S GREETINGS 2022 ""Live Together"" MESSAGE",552622,16429,858,2021-09-30T02:18:03Z
ã€ŒTake a pictureã€ Dance Performance Video (Red ver.),3894589,71068,4174,2021-09-20T11:00:31Z
NiziU 2nd Singleã€Take a pictureã€ Performance Video (Pajama ver.),2594713,53345,4520,2021-08-20T11:00:02Z
[NiziU Scout] Behind The Scenes #4,617249,15857,1633,2021-07-30T11:00:24Z
[NiziU Scout] Behind The Scenes #3,676275,15276,1176,2021-07-23T11:00:04Z
NiziU 2nd Singleã€Poppinâ€™ Shakinâ€™ã€ Performance Video(Animal ver.),2956507,68397,5061,2021-07-20T11:00:04Z
[NiziU Scout] Behind The Scenes #2,835492,18803,1356,2021-07-16T11:00:19Z
[NiziU Scout] #10,1659103,30555,2837,2021-07-09T11:00:00Z
ã€ŒSuper Summerã€ Image Movie,3082732,77812,5188,2021-07-04T15:00:02Z
[NiziU Scout] #9,1915319,33313,2968,2021-07-02T11:00:02Z
[NiziU Scout] #8,1406665,28233,2144,2021-06-25T11:00:16Z
NiziU â€œOFFICIAL LIGHT STICKâ€ Unboxing Video,1024301,35434,2218,2021-06-21T03:00:17Z
NiziU ã€Poppinâ€™ Shakinâ€™ ã€MV Making Movie,992651,27654,1782,2021-06-20T11:00:19Z
[NiziU Scout] #7,1365237,25160,2293,2021-06-18T11:00:15Z
NiziU 2nd Singleã€Take a pictureã€ relay dance,3220344,76131,5590,2021-06-16T00:15:01Z
[NiziU Scout] #6,1497917,29098,2361,2021-06-11T11:00:18Z
[NiziU Scout] #5,1894759,32407,2724,2021-06-04T11:00:26Z
NiziU ã€Step and a stepã€ Dance Performance Video,6895720,117258,11395,2021-05-29T13:15:15Z
[NiziU Scout] #4,1640627,32604,2592,2021-05-28T11:00:35Z
[NiziU Scout] Behind The Scenes #1,918495,22773,1897,2021-05-21T11:00:28Z
NiziUã€Take a picture ã€MV Making Movie,1054435,31096,2126,2021-05-20T11:01:18Z
[NiziU Scout] #3,1951252,36338,3155,2021-05-14T11:00:01Z
[NiziU Scout] #2,2770709,52704,3951,2021-05-07T11:00:15Z
[NiziU Scout] #1,3168237,69739,6521,2021-04-30T11:00:22Z
NiziU 2nd Singleã€Poppinâ€™ Shakinâ€™ã€ Dance Performance Video,12814824,147998,13057,2021-04-28T00:00:42Z
ã€ŒNiziU Scoutã€ Teaser,1245287,39404,1958,2021-04-20T12:30:09Z
NiziU ã€ŒTake a picture ã€ featuring guide Video,1443054,34765,1883,2021-04-15T02:00:00Z
NiziU ã€ŒPoppinâ€™ Shakinâ€™ ã€ featuring guide Video,2103425,42270,2500,2021-04-10T02:00:50Z
NiziU 2nd Singleã€Take a pictureã€ Dance Performance Video,29777591,243556,19566,2021-04-06T12:00:10Z
NiziU â€œPoppinâ€™ Shakinâ€™â€ MV Teaser,1408575,54552,2451,2021-04-05T15:00:34Z
NiziUxSoftBank Making Movie,902183,23290,1727,2021-04-03T11:00:32Z
NiziU 2nd Singleã€Take a pictureï¼Poppinâ€™ Shakinâ€™ã€ Information Video,795163,21068,848,2021-03-30T02:00:00Z
NiziU â€œTake a pictureâ€ MV Solo Teaser ã€ŒNINAã€,837293,33499,1557,2021-03-27T15:01:00Z
NiziU â€œTake a pictureâ€ MV Solo Teaser ã€ŒMIIHIã€,1308921,47948,1916,2021-03-26T15:00:19Z
NiziU â€œTake a pictureâ€ MV Solo Teaser ã€ŒRIMAã€,966291,35794,1818,2021-03-25T15:00:19Z
NiziU â€œTake a pictureâ€ MV Solo Teaser ã€ŒMAYUKAã€,947240,35625,1898,2021-03-24T15:00:03Z
NiziU â€œTake a pictureâ€ MV Solo Teaser ã€ŒAYAKAã€,984699,34729,1682,2021-03-23T15:00:30Z
NiziU â€œTake a pictureâ€ MV Solo Teaser ã€ŒRIKUã€,811939,30096,1296,2021-03-22T15:00:20Z
NiziU â€œTake a pictureâ€ MV Solo Teaser ã€ŒMAYAã€,889219,34053,1733,2021-03-21T15:00:18Z
NiziU â€œTake a pictureâ€ MV Solo Teaser ã€ŒRIOã€,803910,32834,1153,2021-03-20T15:00:08Z
NiziUxCoca-Cola Making Movie,2300716,42305,2766,2021-03-20T13:00:35Z
NiziU â€œTake a pictureâ€ MV Solo Teaser ã€ŒMAKOã€,1079505,40465,10692,2021-03-19T15:00:17Z
NiziUxFit's Making Movie,593504,20198,1763,2021-03-14T11:00:01Z
NiziUxH&M Making Movie,679642,22118,1621,2021-03-02T11:00:07Z
NiziUÃ—KOSÃ‰ Making Movie,720069,24432,1804,2021-02-20T11:00:01Z
NiziU ã€Step and a stepã€ MV Making Movie,2047365,46729,2367,2021-01-23T01:00:01Z
"Thanks to WithU 2020, We make U happy 2021",1342998,38107,1412,2021-01-20T11:00:26Z
NiziU â€œWe need U 2021â€,1069334,36108,2149,2021-01-19T15:00:00Z
NiziU ã€Step and a stepã€ featuring guide Video,2149993,41369,2250,2020-12-20T03:00:26Z
[We NiziU!~We need U!~] #5,269972,11513,898,2020-12-18T11:00:17Z
NiziUã€ŒStep and a stepã€M/V hits 50M views,845817,22362,1053,2020-12-18T03:41:24Z
[We NiziU!~We need U!~] #4,214077,10972,740,2020-12-11T11:00:19Z
[We NiziU!~We need U!~] #3,316466,12817,1032,2020-12-04T11:00:02Z
NiziU ã€Step and a stepã€ Jacket Making Movie,1185619,29653,964,2020-12-02T18:24:10Z
NiziU ã€Step and a stepã€ Information Video,879985,25253,814,2020-12-01T13:00:21Z
[We NiziU!~We need U!~] #5 Highlights,845378,15676,550,2020-12-01T11:00:06Z
[We NiziU!~We need U!~] #2,418029,18330,1277,2020-11-27T11:00:31Z
[We NiziU!~We need U!~] #4 Highlights,563302,13474,403,2020-11-24T11:00:55Z
[NiziU LOG]  Qï¼†A Vlog,2674565,48451,2666,2020-11-20T13:00:31Z
[We NiziU!~We need U!~] #1,515273,25927,1562,2020-11-20T11:00:06Z
[We NiziU!~We need U!~] #3 Highlights,1071845,19637,729,2020-11-17T11:00:17Z
[We NiziU!~We need U!~] #2 Highlights,1088416,24756,702,2020-11-10T11:00:04Z
[We NiziU!~We need U!~] #1 Highlights,1097392,27087,872,2020-11-03T11:00:13Z
[We NiziU!~We need U!~] Teaser2,1957528,42447,1615,2020-10-29T11:00:24Z
[We NiziU!~We need U!~] Teaser1,2396477,58073,1679,2020-10-27T02:00:03Z
NiziU SEASONâ€™S GREETINGS 2021â€œENTRANCEâ€ DIGEST,1383618,49997,1804,2020-10-15T13:00:03Z
[NiziU LOG] #1 SUMMER Vlog,6211151,131408,8905,2020-09-21T11:02:38Z
NiziUã€ŒBaby I'm a starã€Dance Performance Video,31055590,284947,17665,2020-08-29T09:00:22Z
NiziUã€ŒMake you happyã€Dance Performance Video,16877359,240122,8219,2020-08-22T09:00:01Z
"NiziU ""Dance The Night Away -Japanese ver.- (TWICE)"" DANCE COVER",24373189,352865,16852,2020-08-01T02:00:00Z
NiziU ã€ŒMake you happyã€M/V MAKING FILM,2680895,74952,2715,2020-07-30T09:00:05Z
NiziU NINAã€ŒMake you happyã€M/V MAKING FILM,869069,36156,1702,2020-07-29T09:00:11Z
NiziU MIIHIã€ŒMake you happyã€M/V MAKING FILM,1233285,44963,1822,2020-07-28T09:00:01Z
NiziU RIMAã€ŒMake you happyã€M/V MAKING FILM,1140552,41291,1564,2020-07-27T09:00:03Z
[Nizi Project] Part 2 #10-2,6297818,46993,3698,2020-07-24T10:00:40Z
[Nizi Project] Part 2 #10-1,6698992,32985,1765,2020-07-24T10:00:16Z
NiziU MAYUKAã€ŒMake you happyã€M/V MAKING FILM,1092925,41467,1917,2020-07-24T09:00:02Z
NiziU AYAKAã€ŒMake you happyã€M/V MAKING FILM,1044525,33206,1210,2020-07-23T13:00:26Z
NiziU RIKUã€ŒMake you happyã€M/V MAKING FILM,1210309,38925,1963,2020-07-22T09:00:10Z
NiziU MAYAã€ŒMake you happyã€M/V MAKING FILM,1319056,48584,1774,2020-07-21T09:00:08Z
NiziU RIOã€ŒMake you happyã€M/V MAKING FILM,1416770,51757,1504,2020-07-20T11:00:00Z
NiziU MAKOã€ŒMake you happyã€M/V MAKING FILM,1853522,71502,2234,2020-07-20T09:00:13Z
NiziU ã€ŒMake you happyã€ featuring guide Video,14485828,196271,10443,2020-07-19T03:00:01Z
NiziU official autograph event Day 3,1661862,46213,3644,2020-07-18T02:00:03Z
[Nizi Project] Part 2 #9-2,5705027,28933,1479,2020-07-17T10:01:12Z
[Nizi Project] Part 2 #9-1,4698483,25943,1440,2020-07-17T10:00:07Z
NiziU official autograph event Day 2,1678036,47390,3775,2020-07-17T02:00:01Z
NiziU official autograph event Day 1,2405557,75250,5953,2020-07-16T02:00:05Z
NiziU ã€ŒMake you happyã€ Performance Video(Korean ver.),45168583,520019,22678,2020-07-15T11:00:11Z
[Nizi Project] Part 2 #8-2,5056227,24500,1296,2020-07-10T10:00:57Z
[Nizi Project] Part 2 #8-1,7345706,38895,1782,2020-07-10T10:00:33Z
NiziU JACKET MAKING FILM,2402179,92204,2945,2020-07-06T11:00:06Z
[Nizi Project] Part 2 #7-2,5931579,34190,1825,2020-07-03T10:00:48Z
[Nizi Project] Part 2 #7-1,2778394,18878,681,2020-07-03T10:00:33Z
NiziU ã€Make you happyã€ M/V Teaser 1,4506689,169747,6819,2020-06-29T02:00:41Z
[Nizi Project] WhisperÂ Challenge,1075155,33211,1697,2020-06-27T09:00:03Z
[Nizi Project] Part 2 #6-1,3440311,19641,907,2020-06-26T10:00:13Z
[Nizi Project] Part 2 #6-2,3248746,18176,875,2020-06-26T10:00:26Z
[Nizi Project] Part 2 #10 Highlights,2037836,16539,1678,2020-06-23T05:00:04Z
[Nizi Project] Mission1 My Best Friend,1636546,26052,1417,2020-06-20T03:00:02Z
[Nizi Project] Part 2 #5-1,4366950,19585,1416,2020-06-19T10:00:06Z
[Nizi Project] Part 2 #5-2,4196349,23875,1297,2020-06-19T10:00:24Z
Stray kids cheers for Nizi Project,365448,15215,291,2020-06-18T02:00:40Z
WOOYOUNG cheers for Nizi Project,205689,4857,184,2020-06-18T02:00:05Z
TWICE cheers for Nizi Project,920345,35724,797,2020-06-18T02:00:31Z
[Nizi Project] Part 2 #9 Highlights,1203267,11729,1067,2020-06-16T05:00:03Z
[Nizi Project] Whoâ€™s your mama? (feat. Jessi)/J.Y. Park,3115085,61531,4281,2020-06-13T09:00:08Z
[Nizi Project] Part 2 #4-2,5808207,33493,1797,2020-06-12T10:01:30Z
[Nizi Project] Part 2 #4-1,3505131,16172,619,2020-06-12T10:00:31Z
[Nizi Project] Part 2 #8 Highlights,437452,3413,298,2020-06-09T05:00:05Z
[Nizi Project] Part 2 #3-1,3693979,17490,654,2020-06-05T10:00:27Z
[Nizi Project] Part 2 #3-2,4681100,25042,1339,2020-06-05T10:00:22Z
[Nizi Project] JYPâ€˜s Basic Dance Moves,1146566,24432,925,2020-06-04T09:00:21Z
[Nizi Project] Part 2 #7 Highlights,1494424,12929,953,2020-06-02T05:00:02Z
[Nizi Project] Part 2 #2-2,3871039,21811,1046,2020-05-29T10:00:31Z
[Nizi Project] Part 2 #2-1,4762108,25401,1181,2020-05-29T10:00:10Z
[Nizi Project] Part 2 #6 Highlights,603477,5700,305,2020-05-26T05:00:07Z
[Nizi Project] Part 2 #1-2,6970497,45882,1779,2020-05-22T10:00:48Z
[Nizi Project] Part 2 #1-1,4199663,24663,1189,2020-05-22T10:00:01Z
[Nizi Project] Part 2 #5 Highlights,885283,5590,477,2020-05-19T05:00:02Z
[Nizi Project] Part 2 Teaser2,229382,3763,190,2020-05-18T05:00:06Z
[Nizi Project] Part 2 #4 Highlights,1135142,8786,584,2020-05-12T05:00:17Z
[Nizi Project] Part 2 #3 Highlights,301790,3086,135,2020-05-05T05:00:00Z
[Nizi Project] Part 2 #2 Highlights,342815,3914,204,2020-04-28T05:00:13Z
[Nizi Project] Part 2 #1 Highlights,464304,7184,426,2020-04-21T05:00:27Z
[Nizi Project] Part 2 Teaser,859393,19856,2218,2020-04-10T02:00:10Z
